,Distance_km,Travel_Mode,Avg_Speed_kmph,Day_Time,Weather,Trip_Time_min
0,383,0,84,7,15,272
1,70,1,36,8,16,118
2,459,2,512,7,16,53
3,4,3,20,9,15,13
4,1676,2,735,8,15,136
5,175,0,96,7,17,108
6,9,4,32,10,16,17
7,3,5,5,8,18,41
8,42,4,46,10,16,54
9,14,1,35,7,17,23
10,43,4,55,9,17,47
11,920,2,754,10,17,73
12,73,1,35,8,16,125
13,378,0,86,7,18,261
14,1873,2,607,7,17,184
15,2,6,27,8,17,5
16,658,2,607,10,15,65
17,448,0,99,9,15,268
18,3,5,3,10,16,67
19,978,2,859,7,15,68
20,11,3,29,8,15,23
21,356,0,86,8,18,247
22,1095,2,738,10,16,89
23,7,6,29,8,16,15
24,7,6,22,8,17,18
25,305,2,563,10,16,32
26,9,6,21,10,16,25
27,6,3,23,7,16,17
28,9,6,29,10,18,19
29,21,4,33,10,15,38
30,30,4,37,8,19,49
31,81,0,99,7,15,48
32,297,0,99,10,16,180
33,9,6,26,7,17,22
34,1404,2,898,9,16,93
35,681,2,548,10,19,74
36,9,3,31,8,19,18
37,153,0,105,8,17,87
38,17,4,45,9,15,23
39,14,3,22,9,15,37
40,5,6,24,8,19,12
41,240,0,97,9,19,148
42,340,0,106,8,18,192
43,437,0,93,7,15,280
44,22,1,33,7,17,41
45,1869,2,599,9,16,186
46,49,4,31,8,19,95
47,3,6,28,9,18,7
48,91,1,37,7,18,144
49,16,4,59,9,17,17
50,1541,2,778,9,15,118
51,97,1,29,8,17,197
52,26,4,31,7,19,50
53,4,3,21,8,15,12
54,1813,2,547,7,16,198
55,3,3,20,10,17,8
56,38,1,35,10,18,65
57,37,1,35,10,19,63
58,49,4,43,8,19,68
59,5,3,24,10,19,13
60,24,1,30,10,16,47
61,2,6,26,10,19,4
62,90,1,28,7,17,186
63,3,5,4,7,17,46
64,13,3,29,8,19,27
65,174,0,96,8,17,108
66,9,6,21,7,18,27
67,9,3,34,8,19,16
68,295,0,116,10,16,152
69,3,3,22,10,17,9
70,2,6,29,10,15,4
71,96,0,89,9,16,64
72,468,0,86,7,15,326
73,1552,2,509,10,18,182
74,7,6,26,7,17,17
75,19,1,36,8,18,32
76,92,1,27,10,17,198
77,3,6,27,8,15,8
78,1769,2,631,10,17,168
79,355,0,100,10,19,212
80,16,4,56,10,19,17
81,20,4,47,10,18,25
82,3,3,39,7,17,5
83,5,4,51,7,17,5
84,1429,2,527,10,16,162
85,1,5,4,10,16,12
86,1,5,5,10,16,23
87,69,1,27,9,15,150
88,7,3,31,8,17,13
89,4,5,3,10,18,66
90,663,2,676,9,15,58
91,281,0,83,10,19,202
92,3,6,29,10,15,7
93,2,6,21,7,18,5
94,2,3,36,9,16,4
95,44,1,35,9,15,74
96,10,1,34,8,18,18
97,96,1,27,9,19,208
98,13,3,24,9,15,31
99,6,6,24,10,18,15
100,13,3,36,9,16,22
101,1564,2,858,9,18,109
102,4,5,5,10,16,48
103,766,2,750,8,17,61
104,38,1,29,8,15,80
105,72,1,28,7,19,152
106,1222,2,663,9,19,110
107,45,1,37,8,16,72
108,1902,2,690,10,18,165
109,8,6,28,7,18,18
110,53,1,29,9,17,110
111,231,0,107,7,18,129
112,58,1,39,9,16,87
113,3,3,33,9,15,5
114,2,6,24,9,17,5
115,40,1,31,9,17,76
116,5,6,29,8,18,10
117,7,4,52,10,15,8
118,480,0,82,8,19,348
119,11,1,27,7,15,25
120,20,1,32,7,18,37
121,216,0,90,8,15,143
122,0,5,3,10,16,11
123,218,0,116,7,19,112
124,10,3,33,8,17,18
125,8,6,26,8,17,18
126,6,3,28,10,19,14
127,5,6,24,9,17,14
128,256,0,115,7,18,133
129,96,1,36,10,16,161
130,8,6,29,9,18,16
131,4,6,27,7,19,9
132,1,5,5,9,16,16
133,6,3,33,9,17,11
134,41,1,32,10,17,77
135,3,5,5,10,16,38
136,13,4,45,7,18,17
137,708,2,722,9,18,58
138,458,2,817,7,18,33
139,348,0,89,10,18,233
140,7,3,30,10,17,14
141,187,0,98,7,19,114
142,103,0,87,7,15,71
143,34,1,36,10,19,58
144,3,6,21,7,17,10
145,10,4,51,8,19,12
146,14,3,25,9,19,33
147,4,6,20,9,18,12
148,0,5,3,9,19,12
149,5,6,20,8,15,17
150,95,1,37,8,15,154
151,23,4,46,7,16,30
152,1052,2,680,9,17,92
153,9,3,32,8,15,18
154,347,0,88,7,15,235
155,24,1,33,9,18,43
156,181,0,103,7,17,104
157,436,0,91,8,15,287
158,3,5,5,7,18,37
159,34,4,46,10,15,44
160,40,4,31,10,18,76
161,18,4,44,9,17,25
162,7,3,30,8,18,14
163,162,0,92,8,15,105
164,308,0,113,8,17,163
165,11,3,20,9,16,34
166,175,0,97,9,18,107
167,23,4,44,10,19,31
168,5,6,21,9,17,14
169,416,0,117,8,18,211
170,19,4,39,9,16,29
171,7,6,29,9,18,14
172,21,4,35,9,18,35
173,4,6,20,7,17,12
174,1124,2,852,8,16,79
175,3,6,22,8,16,8
176,1986,2,537,8,18,221
177,11,4,49,10,16,14
178,425,0,90,9,15,280
179,952,2,720,7,19,79
180,4,5,5,10,16,49
181,1,5,5,10,16,19
182,8,3,39,7,18,12
183,6,3,29,9,18,12
184,4,5,5,7,16,52
185,1618,2,593,8,17,163
186,461,0,98,9,18,279
187,343,0,111,7,18,184
188,48,4,33,10,19,86
189,2,6,28,9,19,5
190,441,0,85,7,19,309
191,750,2,812,9,19,55
192,7,6,23,9,17,19
193,391,0,108,8,16,216
194,35,4,37,10,15,57
195,490,0,83,8,18,351
196,91,1,35,8,17,154
197,4,6,20,9,15,14
198,60,1,32,7,15,110
199,88,1,26,7,18,202
200,7,3,22,10,18,20
201,4,5,5,9,17,54
202,83,0,101,10,16,49
203,2,5,4,10,18,29
204,9,6,23,9,19,26
205,42,1,30,10,17,82
206,34,4,59,10,19,35
207,12,3,37,8,16,19
208,456,0,99,10,15,274
209,4,3,36,7,16,8
210,3,5,5,7,19,44
211,189,0,105,9,19,107
212,3,3,27,10,17,8
213,140,0,96,10,16,87
214,12,3,38,10,18,20
215,8,6,22,8,18,23
216,48,4,34,9,16,85
217,2,5,3,10,16,41
218,35,4,43,10,16,48
219,1898,2,828,8,15,137
220,1803,2,510,10,16,212
221,67,1,34,9,17,116
222,112,0,96,8,17,70
223,699,2,546,7,18,76
224,1913,2,648,9,16,177
225,448,0,109,8,18,246
226,14,3,28,8,17,30
227,95,1,31,10,19,181
228,455,0,94,10,19,288
229,1945,2,610,9,19,191
230,337,0,88,8,19,229
231,9,6,23,7,19,25
232,3,6,27,7,15,7
233,4,5,5,8,17,45
234,9,6,29,10,15,19
235,6,4,49,8,17,7
236,6,6,27,8,15,14
237,3,5,3,8,19,72
238,915,2,679,8,18,80
239,10,3,24,10,18,24
240,77,0,118,9,18,39
241,1133,2,774,9,19,87
242,11,4,39,7,17,17
243,9,3,32,10,18,16
244,7,3,30,9,19,15
245,8,6,27,7,18,19
246,1003,2,855,9,18,70
247,831,2,791,10,17,62
248,3,5,5,9,19,36
249,9,4,54,8,17,10
250,2,6,21,10,19,6
251,1431,2,641,9,19,133
252,2,5,4,7,15,26
253,431,0,99,10,16,260
254,1,5,3,7,18,31
255,8,6,25,8,16,19
256,170,0,113,7,17,90
257,464,0,110,10,19,252
258,60,1,38,9,19,96
259,97,1,36,8,16,161
260,50,1,30,7,17,99
261,4,5,5,8,19,46
262,65,1,27,8,17,143
263,1125,2,764,9,18,88
264,2,5,3,10,18,46
265,35,4,38,9,16,55
266,149,0,92,8,19,96
267,29,1,29,7,17,58
268,0,5,3,9,15,8
269,73,1,30,10,19,143
270,371,2,844,8,18,26
271,30,4,55,9,18,33
272,0,5,3,10,15,10
273,5,6,29,10,19,11
274,713,2,837,9,16,51
275,18,4,41,10,15,27
276,0,5,5,8,16,9
277,12,3,23,10,15,30
278,33,1,26,7,16,74
279,69,1,36,7,18,113
280,1591,2,801,9,16,119
281,331,0,105,10,15,188
282,1051,2,527,10,17,119
283,8,3,21,10,18,24
284,926,2,515,10,19,107
285,434,0,114,9,18,227
286,12,3,31,8,18,23
287,3,6,25,9,16,8
288,50,1,39,10,19,77
289,2,3,32,9,18,4
290,4,3,30,10,17,8
291,875,2,663,8,17,79
292,30,4,39,9,17,45
293,3,5,5,7,17,40
294,11,4,47,10,17,14
295,226,0,107,8,17,125
296,12,3,27,7,16,26
297,24,4,49,10,19,29
298,4,5,3,10,18,73
299,22,1,28,8,17,47
300,6,6,27,8,17,13
301,6,6,26,7,15,15
302,79,1,37,7,18,127
303,35,4,42,7,18,50
304,11,3,25,9,15,27
305,14,3,24,9,15,35
306,3,5,5,9,18,36
307,5,6,22,9,15,13
308,6,6,22,10,19,18
309,217,0,99,8,16,131
310,2,6,21,7,17,7
311,550,2,862,9,19,38
312,89,1,37,8,18,144
313,21,4,41,9,19,31
314,1,5,3,8,17,31
315,2,6,21,9,15,6
316,5,6,27,8,19,12
317,42,4,37,9,19,67
318,4,6,22,8,15,11
319,1358,2,755,8,19,107
320,6,6,29,8,16,13
321,3,3,24,9,19,9
322,9,3,27,7,19,20
323,2,3,39,8,18,4
324,7,6,24,10,17,17
325,404,0,80,10,15,301
326,96,0,106,10,15,54
327,20,4,40,7,18,29
328,132,0,99,7,19,79
329,255,0,111,10,15,138
330,44,4,53,10,17,50
331,12,3,27,9,17,27
332,13,4,52,10,19,15
333,4,6,26,10,18,9
334,1820,2,797,9,17,137
335,54,1,32,10,19,101
336,243,0,96,7,16,150
337,0,5,3,10,17,13
338,1024,2,741,9,17,82
339,1779,2,516,10,16,206
340,1966,2,609,8,19,193
341,213,0,105,7,19,121
342,71,1,37,9,19,112
343,80,1,26,10,17,184
344,355,2,879,7,18,24
345,3,5,4,7,16,57
346,3,5,4,7,19,48
347,27,4,52,9,16,31
348,16,4,37,9,15,26
349,13,3,25,9,15,32
350,8,4,34,7,18,14
351,48,4,54,10,17,53
352,293,0,82,10,15,213
353,365,0,108,7,17,202
354,14,3,24,7,15,36
355,4,6,24,10,18,11
356,3,6,29,8,19,6
357,3,5,4,9,16,53
358,1699,2,807,8,15,126
359,2,5,4,10,15,30
360,7,6,27,7,15,15
361,1775,2,701,8,16,151
362,24,1,29,7,17,49
363,13,3,37,10,15,20
364,173,0,118,10,16,88
365,10,3,21,7,15,28
366,455,0,104,10,16,260
367,6,4,54,8,16,6
368,3,5,4,9,16,47
369,450,0,81,10,17,332
370,1672,2,597,9,17,167
371,401,2,529,9,18,45
372,878,2,685,7,17,76
373,7,6,27,10,18,17
374,56,1,36,8,17,92
375,34,1,32,7,15,63
376,47,4,31,9,15,90
377,8,6,29,10,15,17
378,9,6,21,9,18,27
379,0,5,4,9,16,12
380,665,2,886,10,19,45
381,31,4,38,9,17,49
382,3,3,20,7,17,10
383,231,0,94,8,18,146
384,13,4,47,10,19,17
385,1599,2,701,10,16,136
386,107,0,104,8,18,61
387,2,5,5,10,15,22
388,46,1,34,8,19,81
389,19,4,34,9,16,35
390,1818,2,559,7,17,194
391,7,3,26,10,16,16
392,2,5,4,9,16,37
393,0,5,4,10,19,7
394,1654,2,733,8,16,135
395,1414,2,606,7,19,140
396,8,3,29,9,15,17
397,2,6,26,8,15,5
398,23,4,43,9,15,33
399,1339,2,700,9,19,114
400,143,0,85,10,18,100
401,14,3,27,9,16,31
402,3,5,4,10,16,45
403,719,2,576,10,15,74
404,3,5,5,9,17,41
405,1887,2,639,10,17,177
406,29,4,47,9,17,37
407,4,6,28,10,19,9
408,3,5,5,9,15,35
409,34,1,37,10,15,55
410,31,4,48,7,19,38
411,151,0,116,7,19,78
412,37,4,42,8,15,52
413,49,4,58,7,18,49
414,445,0,117,9,15,227
415,4,6,29,8,19,9
416,290,0,102,8,15,169
417,598,2,852,8,18,42
418,9,6,24,10,19,22
419,32,4,38,10,17,49
420,1223,2,895,9,15,81
421,4,6,25,8,17,10
422,68,1,35,7,19,114
423,182,0,93,7,15,117
424,13,3,37,9,16,22
425,3,5,3,7,15,64
426,721,2,629,10,18,68
427,34,1,31,10,17,64
428,2,3,34,10,15,3
429,25,4,50,7,18,31
430,452,0,100,10,19,271
431,182,0,116,7,15,94
432,50,1,32,10,18,95
433,261,0,101,7,15,154
434,442,0,110,8,16,241
435,915,2,711,8,19,77
436,6,6,25,7,15,14
437,2,5,5,7,16,26
438,1167,2,536,8,18,130
439,51,1,32,8,16,93
440,823,2,769,8,18,64
441,3,5,5,8,19,42
442,408,2,637,8,19,38
443,995,2,512,7,18,116
444,2,5,5,9,18,22
445,34,4,50,7,17,41
446,29,4,35,7,15,49
447,2,6,20,10,18,6
448,240,0,108,9,15,132
449,23,1,31,7,19,45
450,23,4,54,8,15,26
451,63,1,26,9,16,146
452,71,0,108,8,18,39
453,669,2,593,8,15,67
454,5,3,39,10,16,7
455,12,3,35,7,17,21
456,56,1,39,9,17,85
457,4,5,3,7,18,89
458,14,3,29,9,16,29
459,2,5,5,10,18,27
460,52,1,36,7,17,86
461,8,6,27,8,16,18
462,1247,2,887,7,18,84
463,39,1,28,8,18,82
464,6,6,23,7,19,15
465,3,5,4,8,19,46
466,62,1,37,7,18,101
467,39,1,38,8,15,63
468,20,1,39,9,15,31
469,142,0,104,7,16,81
470,2,5,5,10,17,24
471,4,5,4,9,19,65
472,5,6,29,10,15,11
473,0,5,3,7,15,10
474,47,4,37,9,17,74
475,30,1,27,7,18,65
476,10,3,33,10,18,19
477,270,0,105,7,17,153
478,59,1,27,7,16,131
479,285,0,118,8,19,144
480,3,6,20,7,19,9
481,148,0,86,9,17,103
482,35,4,48,9,18,43
483,29,4,30,8,19,59
484,8,3,34,10,19,15
485,10,3,36,7,19,17
486,15,4,45,10,17,20
487,0,5,5,9,18,9
488,11,3,24,10,19,26
489,342,0,119,8,19,171
490,1239,2,651,8,19,114
491,274,0,86,9,17,189
492,14,3,39,8,15,22
493,72,1,38,9,17,112
494,35,4,57,10,16,37
495,4,3,33,10,19,7
496,77,1,33,9,19,137
497,1,5,3,9,16,27
498,3,5,4,8,16,55
499,74,0,118,9,15,37
500,6,6,20,9,17,19
501,40,4,49,9,18,49
502,94,1,30,9,15,187
503,221,0,103,10,15,128
504,170,0,82,9,15,123
505,212,0,95,8,19,133
506,3,5,4,8,15,54
507,25,4,35,9,19,42
508,29,4,32,10,18,54
509,22,4,38,8,16,34
510,25,1,33,9,15,45
511,34,1,29,7,19,70
512,47,1,31,9,19,91
513,1,5,3,9,16,25
514,3,3,23,10,19,8
515,1354,2,632,10,18,128
516,4,5,4,7,17,58
517,3,5,4,9,17,45
518,97,1,39,10,18,147
519,6,3,35,10,18,10
520,3,5,3,7,16,54
521,25,4,58,7,18,26
522,7,6,22,9,18,19
523,31,1,34,7,18,55
524,5,6,23,9,16,14
525,1869,2,713,9,16,157
526,21,4,53,8,19,23
527,7,6,22,7,16,19
528,34,4,46,9,17,43
529,2,6,24,10,15,5
530,9,3,34,7,18,15
531,3,5,4,7,17,57
532,18,4,44,8,19,24
533,3,6,29,10,17,6
534,1185,2,813,10,18,87
535,36,4,43,10,19,50
536,3,5,3,8,17,70
537,410,0,84,7,16,291
538,39,1,33,9,18,71
539,66,1,36,7,18,108
540,1343,2,511,7,18,157
541,2,3,28,7,15,4
542,4,5,5,8,16,47
543,29,4,53,10,17,32
544,33,1,31,9,16,63
545,224,0,92,9,16,145
546,43,4,40,7,17,63
547,10,3,31,10,19,20
548,26,1,29,7,16,53
549,534,2,667,9,18,48
550,58,1,32,7,16,108
551,22,1,32,10,18,41
552,6,3,21,8,18,18
553,44,1,27,9,18,95
554,369,0,99,9,18,222
555,12,1,26,7,17,29
556,29,4,38,7,18,45
557,11,3,34,8,16,20
558,29,4,38,10,16,46
559,8,6,27,9,16,17
560,19,1,39,7,17,28
561,5,6,29,10,19,11
562,499,2,846,7,15,35
563,7,6,27,9,15,16
564,4,3,22,7,19,12
565,5,3,27,7,17,12
566,307,0,91,8,15,201
567,9,6,27,10,15,20
568,162,0,114,10,15,84
569,5,6,28,7,16,10
570,236,0,90,9,19,156
571,396,0,111,9,16,212
572,471,0,91,10,18,310
573,304,2,630,8,18,28
574,211,0,106,8,16,118
575,1030,2,587,7,18,105
576,1,5,3,7,16,26
577,4,6,24,8,19,11
578,42,4,48,8,19,52
579,5,6,21,9,15,15
580,446,0,116,10,15,230
581,4,6,29,10,17,8
582,45,4,41,7,19,66
583,1534,2,750,7,18,122
584,92,0,83,7,18,66
585,15,4,33,9,19,26
586,41,4,50,9,15,49
587,951,2,528,8,19,108
588,1,5,4,9,15,27
589,114,0,119,8,16,57
590,208,0,86,7,15,144
591,1052,2,746,7,19,84
592,10,4,34,9,17,18
593,537,2,625,10,19,51
594,64,1,33,10,19,115
595,9,6,28,7,16,18
596,11,3,30,10,19,23
597,9,6,28,9,18,19
598,33,4,37,8,16,54
599,47,4,59,7,18,47
600,5,6,28,7,18,11
601,6,6,20,8,17,19
602,15,1,25,9,16,36
603,2,5,4,9,18,33
604,338,0,96,7,17,211
605,28,4,39,7,15,42
606,9,3,26,8,17,21
607,479,0,97,7,19,294
608,49,1,26,9,16,112
609,10,3,21,7,19,30
610,36,4,51,7,18,42
611,4,5,4,10,15,52
612,4,5,3,10,19,71
613,4,6,29,9,17,9
614,11,3,21,8,18,31
615,394,2,704,7,17,33
616,19,1,28,8,15,40
617,69,0,100,8,15,41
618,22,4,44,7,15,30
619,8,6,20,9,15,24
620,4,5,3,10,17,74
621,4,6,20,8,15,14
622,98,1,37,9,19,159
623,1615,2,846,10,17,114
624,5,4,46,7,17,6
625,11,3,35,7,18,19
626,2,5,4,7,16,34
627,3,6,27,9,19,6
628,67,1,33,8,17,121
629,21,4,52,10,19,24
630,31,1,32,9,19,57
631,18,1,35,7,16,30
632,933,2,780,8,16,71
633,33,4,45,9,19,44
634,7,3,31,7,15,14
635,1,5,3,9,17,30
636,1,5,4,7,15,21
637,2,6,27,8,15,6
638,991,2,686,10,15,86
639,750,2,623,8,19,72
640,37,1,37,8,15,60
641,3,6,28,7,17,6
642,1451,2,705,10,15,123
643,43,4,58,7,19,44
644,1649,2,540,8,19,183
645,49,4,54,7,15,53
646,7,6,24,8,16,18
647,12,3,25,8,19,29
648,49,1,38,7,19,77
649,4,6,28,8,18,9
650,30,4,35,9,18,52
651,24,4,41,10,15,35
652,50,1,29,7,19,103
653,5,3,32,10,18,9
654,1114,2,853,8,17,78
655,639,2,554,7,16,69
656,5,6,20,10,18,15
657,6,3,35,10,18,10
658,1,5,3,7,19,32
659,2,6,27,9,16,5
660,5,5,5,7,19,56
661,33,1,34,8,15,58
662,12,3,36,10,15,20
663,38,1,28,10,16,81
664,20,4,51,7,16,24
665,82,1,37,9,16,132
666,0,5,3,8,15,11
667,8,3,24,8,17,21
668,3,3,24,7,17,9
669,31,4,30,7,19,61
670,4,6,25,8,17,11
671,228,0,117,8,17,116
672,4,5,3,9,18,73
673,368,0,92,10,15,238
674,128,0,103,10,17,74
675,10,1,27,9,16,22
676,19,4,35,7,16,32
677,11,4,58,8,15,11
678,1,5,5,8,17,12
679,656,2,504,8,17,78
680,3,5,5,8,18,41
681,1947,2,793,9,18,147
682,938,2,640,9,16,87
683,151,0,110,9,19,82
684,4,6,28,10,17,9
685,12,4,32,9,15,23
686,473,0,83,8,17,342
687,13,3,39,8,18,20
688,450,0,86,7,19,312
689,48,4,39,9,16,73
690,293,0,117,10,17,150
691,45,1,26,9,15,102
692,24,4,40,10,16,35
693,343,2,579,7,17,35
694,10,4,44,9,18,13
695,750,2,857,9,15,52
696,2,5,5,9,19,22
697,1,5,4,10,16,23
698,36,4,34,8,19,63
699,293,0,93,7,16,187
700,41,4,55,9,16,45
701,263,0,114,7,18,137
702,4,5,3,8,16,84
703,12,3,38,7,19,19
704,9,6,24,7,15,23
705,2,6,21,8,18,6
706,66,1,39,10,17,99
707,80,0,116,9,16,41
708,1756,2,720,9,19,146
709,6,6,27,9,19,14
710,1263,2,559,8,19,135
711,12,3,35,10,18,20
712,2,5,4,9,19,38
713,22,1,29,9,19,47
714,863,2,855,7,19,60
715,170,0,99,10,19,103
716,1,5,5,10,18,20
717,2,6,26,7,15,6
718,2,5,5,10,17,25
719,340,0,96,7,18,211
720,46,1,38,9,16,72
721,2,6,23,7,19,6
722,2,5,5,8,15,27
723,28,1,38,8,15,44
724,46,4,43,7,17,63
725,2,5,5,8,19,30
726,63,1,30,7,18,124
727,6,3,31,10,19,12
728,0,5,3,7,15,14
729,143,0,89,9,16,96
730,48,4,55,8,18,52
731,64,1,34,8,15,110
732,4,5,4,10,18,58
733,1080,2,840,7,18,77
734,4,5,5,9,16,50
735,49,4,30,10,16,99
736,177,0,103,8,18,102
737,17,4,40,10,17,26
738,4,5,4,10,15,57
739,31,1,32,8,16,57
740,1457,2,764,8,18,114
741,2,5,3,9,19,37
742,9,3,34,7,17,16
743,358,0,108,9,17,198
744,4,3,26,7,17,9
745,38,4,44,7,17,52
746,209,0,83,10,18,150
747,4,6,28,10,18,10
748,2,6,21,8,18,6
749,88,1,32,9,16,162
750,4,5,4,7,15,62
751,98,1,30,9,15,196
752,1,5,5,8,18,14
753,1,5,4,8,19,15
754,1594,2,609,7,16,156
755,8,6,21,8,15,23
756,7,3,28,9,18,15
757,1207,2,501,10,19,144
758,2,5,5,8,19,32
759,151,0,109,10,17,83
760,55,1,26,10,15,125
761,18,4,54,10,18,20
762,285,0,100,9,15,170
763,2,5,5,7,15,27
764,3,6,24,7,15,9
765,277,0,80,8,17,205
766,66,0,106,10,16,37
767,14,3,20,8,19,42
768,23,4,50,9,19,28
769,11,3,25,7,19,26
770,0,5,4,10,16,13
771,7,3,34,8,16,13
772,177,0,104,8,18,101
773,80,1,34,7,17,140
774,122,0,96,9,15,76
775,198,0,117,8,19,101
776,99,0,83,9,15,71
777,8,4,53,8,17,9
778,494,0,89,10,17,332
779,1682,2,520,8,17,194
780,1,5,5,8,19,21
781,2,6,27,7,15,5
782,2,5,4,10,19,36
783,1,5,5,9,18,14
784,955,2,608,9,18,94
785,125,0,115,7,19,64
786,5,6,21,9,16,14
787,325,0,97,10,16,200
788,44,4,55,7,18,47
789,999,2,545,8,19,109
790,0,5,4,7,17,6
791,11,3,30,8,18,21
792,266,0,109,9,15,146
793,9,6,28,8,19,19
794,277,0,117,9,18,141
795,8,6,21,10,15,22
796,0,5,5,7,16,7
797,417,0,95,8,18,263
798,1061,2,820,9,18,77
799,2,5,3,8,19,48
800,1247,2,664,8,19,112
801,6,6,26,10,16,16
802,10,3,24,10,17,26
803,3,6,20,9,17,11
804,9,3,35,10,18,16
805,34,4,32,8,17,63
806,4,5,5,10,16,52
807,3,3,27,7,18,7
808,76,1,37,9,19,123
809,1,5,4,9,15,16
810,623,2,829,10,19,45
811,9,6,24,8,18,23
812,1925,2,763,7,18,151
813,7,4,45,9,16,9
814,1627,2,869,7,16,112
815,21,1,35,9,16,35
816,8,3,37,9,18,13
817,11,3,38,10,18,18
818,2,5,5,7,15,25
819,1806,2,741,10,16,146
820,7,6,23,7,15,20
821,36,1,34,10,15,63
822,481,0,106,10,19,272
823,5,6,23,9,16,14
824,2,5,5,8,16,25
825,11,4,30,8,15,22
826,1,5,5,10,17,13
827,72,1,37,10,15,115
828,4,6,25,9,19,11
829,11,3,37,7,16,18
830,1633,2,595,10,19,164
831,1926,2,655,10,16,176
832,16,4,30,9,15,32
833,341,0,108,7,15,189
834,4,5,4,8,15,67
835,20,1,36,8,18,34
836,1,5,4,10,19,13
837,4,5,4,8,15,64
838,3,5,4,10,18,49
839,4,6,25,10,16,11
840,56,1,39,7,18,86
841,3,3,30,7,15,6
842,212,0,93,7,16,136
843,9,3,29,8,19,18
844,158,0,93,7,19,101
845,221,0,115,8,18,115
846,1,5,4,10,16,23
847,5,6,25,10,15,14
848,4,5,4,7,16,62
849,2,3,20,7,18,8
850,6,6,21,9,19,17
851,60,0,107,10,19,33
852,13,4,32,10,16,24
853,15,4,47,10,18,19
854,987,2,680,10,19,87
855,1209,2,769,8,16,94
856,8,4,51,8,17,9
857,6,6,26,10,18,15
858,1423,2,658,9,15,129
859,11,3,24,10,15,28
860,4,5,5,10,19,55
861,3,3,37,8,19,6
862,8,3,31,8,17,16
863,91,1,36,10,15,151
864,1747,2,862,7,15,121
865,85,1,28,7,19,180
866,61,1,35,8,16,104
867,424,2,757,8,17,33
868,31,4,35,10,17,51
869,31,1,35,10,16,53
870,19,4,57,9,17,20
871,11,3,33,7,16,19
872,6,3,27,9,15,13
873,40,4,39,9,17,61
874,7,6,23,10,18,18
875,1617,2,678,9,16,143
876,32,4,35,10,15,54
877,11,3,23,8,19,28
878,33,4,55,9,16,36
879,59,1,38,9,15,92
880,4,5,4,10,15,64
881,453,2,700,10,16,38
882,43,4,49,7,16,51
883,26,1,31,7,18,49
884,3,5,3,7,19,75
885,0,5,4,7,16,10
886,5,6,23,9,19,14
887,19,4,59,10,17,19
888,4,3,30,9,17,8
889,12,3,33,10,18,23
890,41,1,32,10,18,76
891,6,6,24,7,18,16
892,56,1,28,10,15,118
893,42,1,27,8,15,91
894,1524,2,824,9,18,110
895,574,2,584,9,19,58
896,61,1,25,7,15,144
897,450,0,100,7,19,269
898,26,1,28,9,16,54
899,13,3,32,10,19,24
900,99,1,31,9,15,187
901,64,1,37,7,16,102
902,125,0,100,10,18,74
903,4,3,31,9,15,9
904,28,4,30,9,15,56
905,8,3,21,8,16,22
906,3,3,35,7,16,5
907,13,3,36,9,16,22
908,373,2,648,9,15,34
909,8,6,24,10,16,19
910,8,6,27,8,18,17
911,78,1,28,8,17,164
912,7,3,37,7,19,11
913,53,0,109,8,16,29
914,14,4,41,10,18,20
915,2,5,3,10,17,43
916,6,6,25,10,18,15
917,6,6,22,9,15,17
918,2,5,4,10,16,34
919,2,5,5,7,19,25
920,402,0,89,7,19,270
921,80,1,32,8,15,148
922,308,2,885,8,15,20
923,1040,2,870,8,17,71
924,64,1,30,9,18,127
925,5,3,33,8,15,10
926,54,0,99,10,15,32
927,27,4,53,7,16,31
928,42,1,35,8,15,72
929,40,4,59,10,18,40
930,1180,2,734,8,19,96
931,12,3,25,10,17,29
932,6,6,22,7,18,18
933,743,2,729,9,16,61
934,27,4,46,10,19,35
935,4,6,25,10,18,9
936,1608,2,725,10,18,133
937,314,0,98,8,18,191
938,22,4,37,7,15,35
939,9,6,23,8,17,24
940,45,1,29,10,19,93
941,8,3,38,10,15,12
942,14,3,25,7,18,33
943,380,0,87,10,15,259
944,32,1,28,10,15,69
945,9,6,21,9,16,26
946,29,4,52,8,18,33
947,2,5,4,10,18,33
948,92,1,39,10,18,139
949,21,1,36,9,18,35
950,6,3,20,7,18,18
951,25,4,50,8,19,30
952,311,0,88,10,17,211
953,4,3,37,10,15,7
954,3,5,4,10,15,44
955,1012,2,669,10,17,90
956,5,6,24,7,16,14
957,94,0,89,10,15,63
958,6,3,28,7,15,14
959,600,2,822,9,15,43
960,6,6,26,10,18,14
961,4,5,3,8,18,69
962,7,4,50,10,18,9
963,5,6,26,10,17,12
964,3,5,4,10,17,44
965,20,4,42,7,16,29
966,9,3,33,10,17,16
967,2,5,5,9,19,32
968,1088,2,745,7,15,87
969,201,0,112,9,19,107
970,15,4,34,10,17,26
971,340,0,90,10,18,224
972,4,6,28,9,18,10
973,12,1,27,7,17,26
974,86,0,108,7,18,47
975,47,4,32,9,16,86
976,22,4,30,8,19,44
977,0,5,4,9,17,10
978,35,1,28,7,15,74
979,2,3,36,10,17,3
980,9,6,24,10,16,23
981,1912,2,554,7,16,207
982,11,3,29,9,16,24
983,189,0,105,10,18,107
984,3,3,24,10,17,7
985,816,2,603,8,16,81
986,3,6,27,10,18,6
987,13,3,20,9,17,41
988,40,4,52,7,19,46
989,7,3,27,9,18,16
990,76,1,27,9,18,166
991,48,1,28,7,16,99
992,6,6,28,10,17,14
993,413,0,109,9,15,226
994,3,6,20,8,18,8
995,11,3,29,9,15,22
996,0,5,3,8,15,14
997,10,4,38,9,19,16
998,11,1,26,7,17,25
999,1659,2,624,10,18,159
